id,REG_YYMM,CARD_SIDO_NM,STD_CLSS_NM,AMT_Kwon,AMT_Jae
0,202004,강원,건강보조식품 소매업,88823988,69624297
1,202004,강원,골프장 운영업,4708346820,5071240866
2,202004,강원,과실 및 채소 소매업,1121028924,1045043751
3,202004,강원,관광 민예품 및 선물용품 소매업,14360780,14562875
4,202004,강원,그외 기타 분류안된 오락관련 서비스업,0,0
5,202004,강원,그외 기타 스포츠시설 운영업,227200,323022
6,202004,강원,그외 기타 종합 소매업,507395430,480699601
7,202004,강원,기타 대형 종합 소매업,6131116990,8253897203
8,202004,강원,기타 수상오락 서비스업,396000,301683
9,202004,강원,기타 외국식 음식점업,987772116,1217990133
10,202004,강원,기타 주점업,246880200,276840576
11,202004,강원,기타음식료품위주종합소매업,8507703658,9319072433
12,202004,강원,내항 여객 운송업,912000,792321
13,202004,강원,마사지업,20879000,24401996
14,202004,강원,면세점,0,0
15,202004,강원,버스 운송업,0,0
16,202004,강원,비알콜 음료점업,1044819431,1216805600
17,202004,강원,빵 및 과자류 소매업,1194583596,1599564535
18,202004,강원,서양식 음식점업,2019421463,2486760565
19,202004,강원,수산물 소매업,563392870,556681280
20,202004,강원,슈퍼마켓,10958678802,11178880006
21,202004,강원,스포츠 및 레크레이션 용품 임대업,2648186438,3009759329
22,202004,강원,여관업,400095956,373649970
23,202004,강원,여행사업,59888700,22222646
24,202004,강원,욕탕업,143206014,143823226
25,202004,강원,육류 소매업,1844174786,2064358021
26,202004,강원,일반유흥 주점업,950692205,887695848
27,202004,강원,일식 음식점업,1466631145,1565850515
28,202004,강원,자동차 임대업,5798200,10137517
29,202004,강원,전시 및 행사 대행업,53275110,49465737
30,202004,강원,정기 항공 운송업,0,0
31,202004,강원,중식 음식점업,1416482365,1667435374
32,202004,강원,차량용 가스 충전업,491474024,447427605
33,202004,강원,차량용 주유소 운영업,14353932582,16813935471
34,202004,강원,체인화 편의점,8488324140,13413526479
35,202004,강원,택시 운송업,37400,36930
36,202004,강원,피자 햄버거 샌드위치 및 유사 음식점업,1361142676,1690860993
37,202004,강원,한식 음식점업,20173514913,24709065572
38,202004,강원,호텔업,144752778,113755683
39,202004,강원,화장품 및 방향제 소매업,476728251,708731246
40,202004,강원,휴양콘도 운영업,523228496,359135502
41,202004,경기,건강보조식품 소매업,1360437976,1495941319
42,202004,경기,골프장 운영업,19988214572,27275452974
43,202004,경기,과실 및 채소 소매업,9213165909,11155489108
44,202004,경기,관광 민예품 및 선물용품 소매업,129909140,93738304
45,202004,경기,그외 기타 분류안된 오락관련 서비스업,0,0
46,202004,경기,그외 기타 스포츠시설 운영업,7033950,7089678
47,202004,경기,그외 기타 종합 소매업,9288705135,12215217226
48,202004,경기,기타 대형 종합 소매업,1.32731E+11,1.56867E+11
49,202004,경기,기타 수상오락 서비스업,68578335,59905093
50,202004,경기,기타 외국식 음식점업,9848557382,13207180004
51,202004,경기,기타 주점업,1096914727,1195050698
52,202004,경기,기타음식료품위주종합소매업,21294721905,27027391016
53,202004,경기,내항 여객 운송업,589500,963941
54,202004,경기,마사지업,290144331,269837538
55,202004,경기,면세점,0,0
56,202004,경기,버스 운송업,2390298880,4131300665
57,202004,경기,비알콜 음료점업,13518847407,18205433545
58,202004,경기,빵 및 과자류 소매업,14708371754,19832981556
59,202004,경기,서양식 음식점업,21748501783,27110294409
60,202004,경기,수산물 소매업,4443544579,5205618729
61,202004,경기,슈퍼마켓,1.37074E+11,1.75976E+11
62,202004,경기,스포츠 및 레크레이션 용품 임대업,16692850396,20576844009
63,202004,경기,여관업,2875426197,3233846235
64,202004,경기,여행사업,9283510,7560615
65,202004,경기,욕탕업,1314382180,1395201422
66,202004,경기,육류 소매업,19878689466,24105810099
67,202004,경기,일반유흥 주점업,4809913016,5590300732
68,202004,경기,일식 음식점업,9723233526,11145108216
69,202004,경기,자동차 임대업,1625263026,3950699435
70,202004,경기,전시 및 행사 대행업,1222905622,1722232721
71,202004,경기,정기 항공 운송업,0,0
72,202004,경기,중식 음식점업,15442870165,22369914710
73,202004,경기,차량용 가스 충전업,2879312703,2915413393
74,202004,경기,차량용 주유소 운영업,1.06062E+11,1.30687E+11
75,202004,경기,체인화 편의점,95371769501,1.49237E+11
76,202004,경기,택시 운송업,132357700,162053270
77,202004,경기,피자 햄버거 샌드위치 및 유사 음식점업,16796105670,26043431261
78,202004,경기,한식 음식점업,1.95984E+11,2.34066E+11
79,202004,경기,호텔업,75892164,65694452
80,202004,경기,화장품 및 방향제 소매업,4413936292,5015587782
81,202004,경기,휴양콘도 운영업,43732674,31068942
82,202004,경남,건강보조식품 소매업,297597119,352831905
83,202004,경남,골프장 운영업,5656875756,4543075145
84,202004,경남,과실 및 채소 소매업,3191521734,4303926476
85,202004,경남,관광 민예품 및 선물용품 소매업,57396530,37612361
86,202004,경남,그외 기타 분류안된 오락관련 서비스업,474000,421897
87,202004,경남,그외 기타 스포츠시설 운영업,906600,922267
88,202004,경남,그외 기타 종합 소매업,1132145650,1480856035
89,202004,경남,기타 대형 종합 소매업,17723528930,21540839833
90,202004,경남,기타 수상오락 서비스업,1264100,1487228
91,202004,경남,기타 외국식 음식점업,1466280756,1666181250
92,202004,경남,기타 주점업,559661623,649940699
93,202004,경남,기타음식료품위주종합소매업,12981411385,13450805486
94,202004,경남,내항 여객 운송업,30626900,28240400
95,202004,경남,마사지업,36839577,38288912
96,202004,경남,면세점,0,0
97,202004,경남,버스 운송업,326500,341157
98,202004,경남,비알콜 음료점업,2992008824,3632247173
99,202004,경남,빵 및 과자류 소매업,3635647794,4816022580
100,202004,경남,서양식 음식점업,4242104356,5201653933
101,202004,경남,수산물 소매업,928214556,992168116
102,202004,경남,슈퍼마켓,29212925358,29362408557
103,202004,경남,스포츠 및 레크레이션 용품 임대업,4680802605,5467184890
104,202004,경남,여관업,721721854,728912569
105,202004,경남,여행사업,92000,119138
106,202004,경남,욕탕업,757799734,817457684
107,202004,경남,육류 소매업,5739060205,7981118088
108,202004,경남,일반유흥 주점업,3666531061,3963252798
109,202004,경남,일식 음식점업,2223093153,2388076555
110,202004,경남,자동차 임대업,1021000,610628
111,202004,경남,전시 및 행사 대행업,46009250,41336846
112,202004,경남,정기 항공 운송업,0,0
113,202004,경남,중식 음식점업,2655944612,2946535630
114,202004,경남,차량용 가스 충전업,1117144263,1262594430
115,202004,경남,차량용 주유소 운영업,35198687596,50685394099
116,202004,경남,체인화 편의점,19930431171,33083117576
117,202004,경남,택시 운송업,12454130,12472240
118,202004,경남,피자 햄버거 샌드위치 및 유사 음식점업,4248322750,5474651240
119,202004,경남,한식 음식점업,50388568867,76500069484
120,202004,경남,호텔업,19252450,10643621
121,202004,경남,화장품 및 방향제 소매업,1306924619,1434203920
122,202004,경남,휴양콘도 운영업,77000480,60445164
123,202004,경북,건강보조식품 소매업,172058945,164045290
124,202004,경북,골프장 운영업,5934978475,6117371516
125,202004,경북,과실 및 채소 소매업,2086163134,2016273005
126,202004,경북,관광 민예품 및 선물용품 소매업,45788830,55862441
127,202004,경북,그외 기타 분류안된 오락관련 서비스업,0,0
128,202004,경북,그외 기타 스포츠시설 운영업,759300,346354
129,202004,경북,그외 기타 종합 소매업,537089240,619773247
130,202004,경북,기타 대형 종합 소매업,12094595380,11681533545
131,202004,경북,기타 수상오락 서비스업,850200,637712
132,202004,경북,기타 외국식 음식점업,893967956,859650104
133,202004,경북,기타 주점업,252628665,221824986
134,202004,경북,기타음식료품위주종합소매업,9522862157,9591915750
135,202004,경북,내항 여객 운송업,0,0
136,202004,경북,마사지업,8498000,7182630
137,202004,경북,면세점,0,0
138,202004,경북,버스 운송업,0,0
139,202004,경북,비알콜 음료점업,1731936144,2043973251
140,202004,경북,빵 및 과자류 소매업,2172812290,2436064404
141,202004,경북,서양식 음식점업,2441685881,2547260130
142,202004,경북,수산물 소매업,1091363987,1150572423
143,202004,경북,슈퍼마켓,26114020802,34524285543
144,202004,경북,스포츠 및 레크레이션 용품 임대업,4492933008,5029375996
145,202004,경북,여관업,262575027,250251146
146,202004,경북,여행사업,750000,1015919
147,202004,경북,욕탕업,268235325,258843060
148,202004,경북,육류 소매업,5721532260,5973650815
149,202004,경북,일반유흥 주점업,875572865,846864861
150,202004,경북,일식 음식점업,986532995,1078559548
151,202004,경북,자동차 임대업,1052000,978447
152,202004,경북,전시 및 행사 대행업,48630790,48359624
153,202004,경북,정기 항공 운송업,0,0
154,202004,경북,중식 음식점업,1620590317,1685025755
155,202004,경북,차량용 가스 충전업,1347460574,1467221117
156,202004,경북,차량용 주유소 운영업,37306723635,50652784910
157,202004,경북,체인화 편의점,12609712395,16933886509
158,202004,경북,택시 운송업,423200,412453
159,202004,경북,피자 햄버거 샌드위치 및 유사 음식점업,2338736050,2654846439
160,202004,경북,한식 음식점업,29996160650,48845401257
161,202004,경북,호텔업,36501326,28919165
162,202004,경북,화장품 및 방향제 소매업,852651535,610842777
163,202004,경북,휴양콘도 운영업,11427040,5865755
164,202004,광주,건강보조식품 소매업,315377018,324024180
165,202004,광주,골프장 운영업,263091400,385708203
166,202004,광주,과실 및 채소 소매업,2224358789,2236913776
167,202004,광주,관광 민예품 및 선물용품 소매업,16928600,13635323
168,202004,광주,그외 기타 분류안된 오락관련 서비스업,0,0
169,202004,광주,그외 기타 스포츠시설 운영업,5095000,5365512
170,202004,광주,그외 기타 종합 소매업,1695501180,1906137478
171,202004,광주,기타 대형 종합 소매업,7812544540,11518674904
172,202004,광주,기타 수상오락 서비스업,0,0
173,202004,광주,기타 외국식 음식점업,761748325,764981129
174,202004,광주,기타 주점업,363403600,359045738
175,202004,광주,기타음식료품위주종합소매업,1005376023,1144732620
176,202004,광주,내항 여객 운송업,0,0
177,202004,광주,마사지업,66805500,68129432
178,202004,광주,면세점,0,0
179,202004,광주,버스 운송업,6937000,5660556
180,202004,광주,비알콜 음료점업,2255023725,3331279563
181,202004,광주,빵 및 과자류 소매업,2276558327,3178560656
182,202004,광주,서양식 음식점업,3169037030,3916096512
183,202004,광주,수산물 소매업,1125246752,1270948951
184,202004,광주,슈퍼마켓,23125387608,35861279567
185,202004,광주,스포츠 및 레크레이션 용품 임대업,3580146318,4321615141
186,202004,광주,여관업,388700880,402609085
187,202004,광주,여행사업,0,0
188,202004,광주,욕탕업,281034986,317075185
189,202004,광주,육류 소매업,3394636863,2660850885
190,202004,광주,일반유흥 주점업,794682920,913513040
191,202004,광주,일식 음식점업,844730660,1021338695
192,202004,광주,자동차 임대업,1203200,1800525
193,202004,광주,전시 및 행사 대행업,5816180,4255031
194,202004,광주,정기 항공 운송업,0,0
195,202004,광주,중식 음식점업,1766495100,2125136457
196,202004,광주,차량용 가스 충전업,829544265,1085709194
197,202004,광주,차량용 주유소 운영업,13698819319,17749863803
198,202004,광주,체인화 편의점,8750297700,14147250651
199,202004,광주,택시 운송업,0,0
200,202004,광주,피자 햄버거 샌드위치 및 유사 음식점업,2014940678,2977818091
201,202004,광주,한식 음식점업,26902695137,37235536463
202,202004,광주,호텔업,31734468,30809473
203,202004,광주,화장품 및 방향제 소매업,1030347078,801838319
204,202004,광주,휴양콘도 운영업,0,0
205,202004,대구,건강보조식품 소매업,230309740,288936666
206,202004,대구,골프장 운영업,184223180,271794030
207,202004,대구,과실 및 채소 소매업,3220602970,3280522608
208,202004,대구,관광 민예품 및 선물용품 소매업,16863200,16283599
209,202004,대구,그외 기타 분류안된 오락관련 서비스업,0,0
210,202004,대구,그외 기타 스포츠시설 운영업,272500,521790
211,202004,대구,그외 기타 종합 소매업,1529685360,2162138251
212,202004,대구,기타 대형 종합 소매업,18686829210,28777640533
213,202004,대구,기타 수상오락 서비스업,136000,230329
214,202004,대구,기타 외국식 음식점업,1017176415,931574746
215,202004,대구,기타 주점업,166295021,182279283
216,202004,대구,기타음식료품위주종합소매업,2142593586,2219800327
217,202004,대구,내항 여객 운송업,0,0
218,202004,대구,마사지업,5825500,5716422
219,202004,대구,면세점,0,0
220,202004,대구,버스 운송업,0,0
221,202004,대구,비알콜 음료점업,2901719966,2886340725
222,202004,대구,빵 및 과자류 소매업,3026378798,3607113113
223,202004,대구,서양식 음식점업,4168709912,5288074000
224,202004,대구,수산물 소매업,1476666685,2063724864
225,202004,대구,슈퍼마켓,33493288913,43371773612
226,202004,대구,스포츠 및 레크레이션 용품 임대업,3415302614,4212562683
227,202004,대구,여관업,419083746,319212599
228,202004,대구,여행사업,0,0
229,202004,대구,욕탕업,184548712,176436613
230,202004,대구,육류 소매업,7003686303,6816758842
231,202004,대구,일반유흥 주점업,404647675,353024287
232,202004,대구,일식 음식점업,1616650130,1819847634
233,202004,대구,자동차 임대업,2050000,1756632
234,202004,대구,전시 및 행사 대행업,19985300,22115142
235,202004,대구,정기 항공 운송업,0,0
236,202004,대구,중식 음식점업,2297381700,2462719593
237,202004,대구,차량용 가스 충전업,957527416,1248541724
238,202004,대구,차량용 주유소 운영업,19617436264,23080104260
239,202004,대구,체인화 편의점,13711842577,24147703980
240,202004,대구,택시 운송업,3727366793,3667827829
241,202004,대구,피자 햄버거 샌드위치 및 유사 음식점업,3408134550,3664480698
242,202004,대구,한식 음식점업,33469324580,49599376543
243,202004,대구,호텔업,65473090,83271027
244,202004,대구,화장품 및 방향제 소매업,1193823609,864222212
245,202004,대구,휴양콘도 운영업,0,0
246,202004,대전,건강보조식품 소매업,109723696,130041419
247,202004,대전,골프장 운영업,300589630,315632029
248,202004,대전,과실 및 채소 소매업,1218331616,1144042828
249,202004,대전,관광 민예품 및 선물용품 소매업,17751703,12358553
250,202004,대전,그외 기타 분류안된 오락관련 서비스업,0,0
251,202004,대전,그외 기타 스포츠시설 운영업,223000,291314
252,202004,대전,그외 기타 종합 소매업,1172924430,1087731779
253,202004,대전,기타 대형 종합 소매업,7520953990,8354049802
254,202004,대전,기타 수상오락 서비스업,0,0
255,202004,대전,기타 외국식 음식점업,915339439,827180521
256,202004,대전,기타 주점업,95258800,87410593
257,202004,대전,기타음식료품위주종합소매업,1619744818,1815520096
258,202004,대전,내항 여객 운송업,0,0
259,202004,대전,마사지업,13052000,12285938
260,202004,대전,면세점,0,0
261,202004,대전,버스 운송업,0,0
262,202004,대전,비알콜 음료점업,1243708468,1575463678
263,202004,대전,빵 및 과자류 소매업,1792919274,2405676626
264,202004,대전,서양식 음식점업,2397269253,2749177441
265,202004,대전,수산물 소매업,903848955,1223542406
266,202004,대전,슈퍼마켓,9770856502,10202766306
267,202004,대전,스포츠 및 레크레이션 용품 임대업,1151356984,1150166281
268,202004,대전,여관업,246852273,224029146
269,202004,대전,여행사업,0,0
270,202004,대전,욕탕업,144131500,128873909
271,202004,대전,육류 소매업,2238450987,2220758434
272,202004,대전,일반유흥 주점업,78185400,75796660
273,202004,대전,일식 음식점업,752855450,749795230
274,202004,대전,자동차 임대업,1693950,920314
275,202004,대전,전시 및 행사 대행업,2519800,2133692
276,202004,대전,정기 항공 운송업,0,0
277,202004,대전,중식 음식점업,1372218075,1510057884
278,202004,대전,차량용 가스 충전업,445284971,467285019
279,202004,대전,차량용 주유소 운영업,7951747747,7762670674
280,202004,대전,체인화 편의점,6738448064,10993188243
281,202004,대전,택시 운송업,0,0
282,202004,대전,피자 햄버거 샌드위치 및 유사 음식점업,1445139814,1942986586
283,202004,대전,한식 음식점업,16670708886,23515278379
284,202004,대전,호텔업,47555040,48088828
285,202004,대전,화장품 및 방향제 소매업,473177555,401659933
286,202004,대전,휴양콘도 운영업,0,0
287,202004,부산,건강보조식품 소매업,438551212,538583873
288,202004,부산,골프장 운영업,1783622558,1466804587
289,202004,부산,과실 및 채소 소매업,3962032314,5265845490
290,202004,부산,관광 민예품 및 선물용품 소매업,46779368,39251932
291,202004,부산,그외 기타 분류안된 오락관련 서비스업,0,0
292,202004,부산,그외 기타 스포츠시설 운영업,1629000,1135264
293,202004,부산,그외 기타 종합 소매업,1710323035,1306940051
294,202004,부산,기타 대형 종합 소매업,54992682562,56066961157
295,202004,부산,기타 수상오락 서비스업,668700,552848
296,202004,부산,기타 외국식 음식점업,1650292290,1870483085
297,202004,부산,기타 주점업,1267193680,1350913651
298,202004,부산,기타음식료품위주종합소매업,1308285066,1235677822
299,202004,부산,내항 여객 운송업,0,0
300,202004,부산,마사지업,30544000,28909473
301,202004,부산,면세점,0,0
302,202004,부산,버스 운송업,0,0
303,202004,부산,비알콜 음료점업,3926743794,6151521952
304,202004,부산,빵 및 과자류 소매업,3859546548,4900947840
305,202004,부산,서양식 음식점업,6470796624,7582644732
306,202004,부산,수산물 소매업,898872262,879870452
307,202004,부산,슈퍼마켓,27372369290,32825463333
308,202004,부산,스포츠 및 레크레이션 용품 임대업,5356907527,5752741999
309,202004,부산,여관업,957360123,983980530
310,202004,부산,여행사업,6056000,2697036
311,202004,부산,욕탕업,1040985321,1142607341
312,202004,부산,육류 소매업,5429642861,6215233392
313,202004,부산,일반유흥 주점업,3013776915,2974699523
314,202004,부산,일식 음식점업,2951597667,3068196930
315,202004,부산,자동차 임대업,3188600,4129506
316,202004,부산,전시 및 행사 대행업,65294460,55175766
317,202004,부산,정기 항공 운송업,848086050,893739890
318,202004,부산,중식 음식점업,2931098534,3173408360
319,202004,부산,차량용 가스 충전업,665855870,658502946
320,202004,부산,차량용 주유소 운영업,22870690607,27094818694
321,202004,부산,체인화 편의점,21368820131,39897106015
322,202004,부산,택시 운송업,3084453043,4335991821
323,202004,부산,피자 햄버거 샌드위치 및 유사 음식점업,4952974167,8060580724
324,202004,부산,한식 음식점업,52978607795,92827685890
325,202004,부산,호텔업,448651115,375670990
326,202004,부산,화장품 및 방향제 소매업,2142869925,2034025997
327,202004,부산,휴양콘도 운영업,132210071,135629020
328,202004,서울,건강보조식품 소매업,1156967293,1093065454
329,202004,서울,골프장 운영업,493581405,424918073
330,202004,서울,과실 및 채소 소매업,8526966927,11302344170
331,202004,서울,관광 민예품 및 선물용품 소매업,79634230,53698850
332,202004,서울,그외 기타 분류안된 오락관련 서비스업,0,0
333,202004,서울,그외 기타 스포츠시설 운영업,23516300,21010399
334,202004,서울,그외 기타 종합 소매업,40888502165,60900672128
335,202004,서울,기타 대형 종합 소매업,84095024578,1.07911E+11
336,202004,서울,기타 수상오락 서비스업,3289700,3182957
337,202004,서울,기타 외국식 음식점업,7824190369,10577330785
338,202004,서울,기타 주점업,892363711,878084916
339,202004,서울,기타음식료품위주종합소매업,25412978369,28678275350
340,202004,서울,내항 여객 운송업,1353672080,2128958320
341,202004,서울,마사지업,182906911,193270914
342,202004,서울,면세점,588529,250951
343,202004,서울,버스 운송업,3193966580,3455472120
344,202004,서울,비알콜 음료점업,27834586054,39822676348
345,202004,서울,빵 및 과자류 소매업,14072395519,22048533313
346,202004,서울,서양식 음식점업,36258609098,48252845585
347,202004,서울,수산물 소매업,3563053604,5236688901
348,202004,서울,슈퍼마켓,86367793756,1.30392E+11
349,202004,서울,스포츠 및 레크레이션 용품 임대업,17068547405,22303752238
350,202004,서울,여관업,2187688502,2071236579
351,202004,서울,여행사업,192855081,145106887
352,202004,서울,욕탕업,1348719312,1546497920
353,202004,서울,육류 소매업,14672370520,17842191004
354,202004,서울,일반유흥 주점업,1487088143,1113655980
355,202004,서울,일식 음식점업,15904595225,21795344860
356,202004,서울,자동차 임대업,164255851,142132503
357,202004,서울,전시 및 행사 대행업,159844225,105096051
358,202004,서울,정기 항공 운송업,2706958444,6551288902
359,202004,서울,중식 음식점업,15245490800,18870669424
360,202004,서울,차량용 가스 충전업,669177015,777685924
361,202004,서울,차량용 주유소 운영업,27317016698,30394905530
362,202004,서울,체인화 편의점,81252902231,1.56875E+11
363,202004,서울,택시 운송업,80156854729,64484238342
364,202004,서울,피자 햄버거 샌드위치 및 유사 음식점업,18784292007,34600390200
365,202004,서울,한식 음식점업,1.60157E+11,2.47406E+11
366,202004,서울,호텔업,3349446397,2662545198
367,202004,서울,화장품 및 방향제 소매업,15487789175,19707302785
368,202004,서울,휴양콘도 운영업,0,0
369,202004,세종,건강보조식품 소매업,10704250,9008802
370,202004,세종,골프장 운영업,254821230,354659155
371,202004,세종,과실 및 채소 소매업,406198970,705936762
372,202004,세종,관광 민예품 및 선물용품 소매업,0,0
373,202004,세종,그외 기타 분류안된 오락관련 서비스업,0,0
374,202004,세종,그외 기타 스포츠시설 운영업,0,0
375,202004,세종,그외 기타 종합 소매업,6544958,3908340
376,202004,세종,기타 대형 종합 소매업,1560773340,2117368836
377,202004,세종,기타 수상오락 서비스업,0,0
378,202004,세종,기타 외국식 음식점업,127254211,125126980
379,202004,세종,기타 주점업,3555000,3780525
380,202004,세종,기타음식료품위주종합소매업,790852196,890537554
381,202004,세종,내항 여객 운송업,0,0
382,202004,세종,마사지업,0,0
383,202004,세종,면세점,0,0
384,202004,세종,버스 운송업,0,0
385,202004,세종,비알콜 음료점업,239223059,377494552
386,202004,세종,빵 및 과자류 소매업,293703231,406579872
387,202004,세종,서양식 음식점업,420718140,685761160
388,202004,세종,수산물 소매업,52384180,42601530
389,202004,세종,슈퍼마켓,1519803740,2023143448
390,202004,세종,스포츠 및 레크레이션 용품 임대업,241369385,454758332
391,202004,세종,여관업,4071000,4801525
392,202004,세종,여행사업,0,0
393,202004,세종,욕탕업,15686700,12949376
394,202004,세종,육류 소매업,392696458,804918489
395,202004,세종,일반유흥 주점업,12495000,9116882
396,202004,세종,일식 음식점업,107051600,103470470
397,202004,세종,자동차 임대업,0,0
398,202004,세종,전시 및 행사 대행업,480500,260504
399,202004,세종,정기 항공 운송업,0,0
400,202004,세종,중식 음식점업,288609365,426492365
401,202004,세종,차량용 가스 충전업,37993840,38591691
402,202004,세종,차량용 주유소 운영업,2047101769,3448451044
403,202004,세종,체인화 편의점,1228865880,2081050436
404,202004,세종,택시 운송업,0,0
405,202004,세종,피자 햄버거 샌드위치 및 유사 음식점업,288634738,375596045
406,202004,세종,한식 음식점업,2588069335,2980785594
407,202004,세종,호텔업,0,0
408,202004,세종,화장품 및 방향제 소매업,47521985,40241046
409,202004,세종,휴양콘도 운영업,0,0
410,202004,울산,건강보조식품 소매업,72624594,69574861
411,202004,울산,골프장 운영업,708743300,654444242
412,202004,울산,과실 및 채소 소매업,909998345,1164231177
413,202004,울산,관광 민예품 및 선물용품 소매업,3203500,2445543
414,202004,울산,그외 기타 분류안된 오락관련 서비스업,0,0
415,202004,울산,그외 기타 스포츠시설 운영업,78000,43967
416,202004,울산,그외 기타 종합 소매업,2464234430,2853944119
417,202004,울산,기타 대형 종합 소매업,6974734186,7029202580
418,202004,울산,기타 수상오락 서비스업,156000,155034
419,202004,울산,기타 외국식 음식점업,578104954,537585323
420,202004,울산,기타 주점업,285441900,264357877
421,202004,울산,기타음식료품위주종합소매업,1625681518,1212856964
422,202004,울산,내항 여객 운송업,0,0
423,202004,울산,마사지업,32350000,32748580
424,202004,울산,면세점,0,0
425,202004,울산,버스 운송업,1161600,1356310
426,202004,울산,비알콜 음료점업,1126923255,1349218781
427,202004,울산,빵 및 과자류 소매업,1200194012,1267878423
428,202004,울산,서양식 음식점업,1652605303,1464694904
429,202004,울산,수산물 소매업,371120480,374367695
430,202004,울산,슈퍼마켓,11111795598,11407252259
431,202004,울산,스포츠 및 레크레이션 용품 임대업,1488939609,1644980342
432,202004,울산,여관업,251909895,278596460
433,202004,울산,여행사업,131500,213285
434,202004,울산,욕탕업,323218306,307045209
435,202004,울산,육류 소매업,3217148789,5367563695
436,202004,울산,일반유흥 주점업,1112890670,1332844786
437,202004,울산,일식 음식점업,592828429,774543018
438,202004,울산,자동차 임대업,1870000,2252765
439,202004,울산,전시 및 행사 대행업,1841500,2475530
440,202004,울산,정기 항공 운송업,0,0
441,202004,울산,중식 음식점업,985038949,983526909
442,202004,울산,차량용 가스 충전업,270609790,263682899
443,202004,울산,차량용 주유소 운영업,10845543869,12372910674
444,202004,울산,체인화 편의점,6808682220,15037719184
445,202004,울산,택시 운송업,0,0
446,202004,울산,피자 햄버거 샌드위치 및 유사 음식점업,1530544761,1654123621
447,202004,울산,한식 음식점업,17631679636,15362408779
448,202004,울산,호텔업,96333694,118698149
449,202004,울산,화장품 및 방향제 소매업,445346830,521891708
450,202004,울산,휴양콘도 운영업,0,0
451,202004,인천,건강보조식품 소매업,316202014,343644587
452,202004,인천,골프장 운영업,2293218740,1866797740
453,202004,인천,과실 및 채소 소매업,3161934467,3254214725
454,202004,인천,관광 민예품 및 선물용품 소매업,12067400,7617121
455,202004,인천,그외 기타 분류안된 오락관련 서비스업,0,0
456,202004,인천,그외 기타 스포츠시설 운영업,2954500,3648006
457,202004,인천,그외 기타 종합 소매업,90962496,63796104
458,202004,인천,기타 대형 종합 소매업,20538585700,12220823454
459,202004,인천,기타 수상오락 서비스업,16309800,11453065
460,202004,인천,기타 외국식 음식점업,2287662284,3135981992
461,202004,인천,기타 주점업,481068859,393480438
462,202004,인천,기타음식료품위주종합소매업,1460306959,1703791668
463,202004,인천,내항 여객 운송업,172198550,131207017
464,202004,인천,마사지업,67775720,61919681
465,202004,인천,면세점,48785111,35872287
466,202004,인천,버스 운송업,0,0
467,202004,인천,비알콜 음료점업,2806445665,4170863223
468,202004,인천,빵 및 과자류 소매업,2709940228,4071527189
469,202004,인천,서양식 음식점업,3539338471,4610413395
470,202004,인천,수산물 소매업,1507943437,1730403995
471,202004,인천,슈퍼마켓,27934203518,34975924013
472,202004,인천,스포츠 및 레크레이션 용품 임대업,4899485977,5654819596
473,202004,인천,여관업,780494757,781786812
474,202004,인천,여행사업,1053000,1039965
475,202004,인천,욕탕업,311951884,270876790
476,202004,인천,육류 소매업,4065624323,5142983083
477,202004,인천,일반유흥 주점업,1144926783,1313011822
478,202004,인천,일식 음식점업,2092555486,2210225060
479,202004,인천,자동차 임대업,2158600,5025385
480,202004,인천,전시 및 행사 대행업,147558070,157822003
481,202004,인천,정기 항공 운송업,170396810,144821347
482,202004,인천,중식 음식점업,2654296871,3500979025
483,202004,인천,차량용 가스 충전업,497622038,532406009
484,202004,인천,차량용 주유소 운영업,18970481929,19704443354
485,202004,인천,체인화 편의점,18669417919,40115020178
486,202004,인천,택시 운송업,112094790,127081478
487,202004,인천,피자 햄버거 샌드위치 및 유사 음식점업,3143060007,4733017991
488,202004,인천,한식 음식점업,37680816668,76348383953
489,202004,인천,호텔업,176878524,133064435
490,202004,인천,화장품 및 방향제 소매업,877812546,646554149
491,202004,인천,휴양콘도 운영업,0,0
492,202004,전남,건강보조식품 소매업,138438499,127656968
493,202004,전남,골프장 운영업,3728498766,3081069606
494,202004,전남,과실 및 채소 소매업,2367429730,2279792557
495,202004,전남,관광 민예품 및 선물용품 소매업,10058200,7092592
496,202004,전남,그외 기타 분류안된 오락관련 서비스업,0,0
497,202004,전남,그외 기타 스포츠시설 운영업,3877000,3307848
498,202004,전남,그외 기타 종합 소매업,2964166320,3107120384
499,202004,전남,기타 대형 종합 소매업,7832311551,9077216691
500,202004,전남,기타 수상오락 서비스업,0,0
501,202004,전남,기타 외국식 음식점업,628284939,730570942
502,202004,전남,기타 주점업,568372673,639868074
503,202004,전남,기타음식료품위주종합소매업,9769655304,9734377711
504,202004,전남,내항 여객 운송업,21049800,16455249
505,202004,전남,마사지업,74054000,82991512
506,202004,전남,면세점,0,0
507,202004,전남,버스 운송업,3640460,2873335
508,202004,전남,비알콜 음료점업,1502609850,1482024476
509,202004,전남,빵 및 과자류 소매업,1592559613,1651974620
510,202004,전남,서양식 음식점업,2286245463,2195709013
511,202004,전남,수산물 소매업,1003520858,881433732
512,202004,전남,슈퍼마켓,13953874579,13733907497
513,202004,전남,스포츠 및 레크레이션 용품 임대업,2940249445,3282691607
514,202004,전남,여관업,463100239,494871631
515,202004,전남,여행사업,4335000,4787427
516,202004,전남,욕탕업,214853840,179280268
517,202004,전남,육류 소매업,2595911234,2648826212
518,202004,전남,일반유흥 주점업,1487851801,1768244904
519,202004,전남,일식 음식점업,1022061486,1145367698
520,202004,전남,자동차 임대업,1356600,962833
521,202004,전남,전시 및 행사 대행업,130082150,140436238
522,202004,전남,정기 항공 운송업,0,0
523,202004,전남,중식 음식점업,1417482714,1548129299
524,202004,전남,차량용 가스 충전업,867244500,908769829
525,202004,전남,차량용 주유소 운영업,22342252339,26378503413
526,202004,전남,체인화 편의점,7642729458,13209882817
527,202004,전남,택시 운송업,0,0
528,202004,전남,피자 햄버거 샌드위치 및 유사 음식점업,1483592930,1589428993
529,202004,전남,한식 음식점업,26175599494,33976119807
530,202004,전남,호텔업,17609100,13207379
531,202004,전남,화장품 및 방향제 소매업,562304314,639107151
532,202004,전남,휴양콘도 운영업,171459544,158905188
533,202004,전북,건강보조식품 소매업,201644003,202177716
534,202004,전북,골프장 운영업,1977712412,1691034244
535,202004,전북,과실 및 채소 소매업,1875486968,1860740087
536,202004,전북,관광 민예품 및 선물용품 소매업,32103700,20656415
537,202004,전북,그외 기타 분류안된 오락관련 서비스업,0,0
538,202004,전북,그외 기타 스포츠시설 운영업,1654000,1359336
539,202004,전북,그외 기타 종합 소매업,876233490,873106060
540,202004,전북,기타 대형 종합 소매업,9785414660,9310109644
541,202004,전북,기타 수상오락 서비스업,79000,87180
542,202004,전북,기타 외국식 음식점업,1384422513,1462262233
543,202004,전북,기타 주점업,263988258,273053044
544,202004,전북,기타음식료품위주종합소매업,4656337781,5144393957
545,202004,전북,내항 여객 운송업,0,0
546,202004,전북,마사지업,41498900,39154090
547,202004,전북,면세점,0,0
548,202004,전북,버스 운송업,68800,154195
549,202004,전북,비알콜 음료점업,1844117199,2377368520
550,202004,전북,빵 및 과자류 소매업,1885233158,2237638088
551,202004,전북,서양식 음식점업,2839453283,2792599530
552,202004,전북,수산물 소매업,1209146956,1202589037
553,202004,전북,슈퍼마켓,18301585167,19105710240
554,202004,전북,스포츠 및 레크레이션 용품 임대업,3720212364,4550247239
555,202004,전북,여관업,350441580,319538297
556,202004,전북,여행사업,631700,184200
557,202004,전북,욕탕업,287580601,253992268
558,202004,전북,육류 소매업,3214693013,3413853720
559,202004,전북,일반유흥 주점업,602481610,649662333
560,202004,전북,일식 음식점업,1159550015,1121767438
561,202004,전북,자동차 임대업,5598824,3685943
562,202004,전북,전시 및 행사 대행업,24966550,21501293
563,202004,전북,정기 항공 운송업,648400,100796
564,202004,전북,중식 음식점업,2063085280,2123097018
565,202004,전북,차량용 가스 충전업,1110303691,1343906739
566,202004,전북,차량용 주유소 운영업,23798714513,24073715674
567,202004,전북,체인화 편의점,8765784416,14261907555
568,202004,전북,택시 운송업,1074300,911948
569,202004,전북,피자 햄버거 샌드위치 및 유사 음식점업,1804877659,2209858566
570,202004,전북,한식 음식점업,24667125030,31229908210
571,202004,전북,호텔업,1021700,983955
572,202004,전북,화장품 및 방향제 소매업,878548953,1096117870
573,202004,전북,휴양콘도 운영업,23579042,16245223
574,202004,제주,건강보조식품 소매업,87493979,89033342
575,202004,제주,골프장 운영업,1506890335,1488384890
576,202004,제주,과실 및 채소 소매업,714260495,658949056
577,202004,제주,관광 민예품 및 선물용품 소매업,60299000,31015463
578,202004,제주,그외 기타 분류안된 오락관련 서비스업,210300,276597
579,202004,제주,그외 기타 스포츠시설 운영업,0,0
580,202004,제주,그외 기타 종합 소매업,2589314730,3581970719
581,202004,제주,기타 대형 종합 소매업,4357437110,4353863404
582,202004,제주,기타 수상오락 서비스업,2166000,3162773
583,202004,제주,기타 외국식 음식점업,428668796,643483102
584,202004,제주,기타 주점업,903659615,612422895
585,202004,제주,기타음식료품위주종합소매업,3847643775,4984820124
586,202004,제주,내항 여객 운송업,74091700,72719383
587,202004,제주,마사지업,1450000,1097394
588,202004,제주,면세점,3411668375,3051223371
589,202004,제주,버스 운송업,0,0
590,202004,제주,비알콜 음료점업,817857801,1189146935
591,202004,제주,빵 및 과자류 소매업,1078891244,1178315363
592,202004,제주,서양식 음식점업,1831675095,1715700512
593,202004,제주,수산물 소매업,572603677,714270673
594,202004,제주,슈퍼마켓,10606898097,11532801723
595,202004,제주,스포츠 및 레크레이션 용품 임대업,2127300958,2420637299
596,202004,제주,여관업,294412340,153181830
597,202004,제주,여행사업,3145380,1980884
598,202004,제주,욕탕업,173163038,209070025
599,202004,제주,육류 소매업,989695937,1108947899
600,202004,제주,일반유흥 주점업,1646347585,1824108777
601,202004,제주,일식 음식점업,1025126167,1292833010
602,202004,제주,자동차 임대업,234248890,292788237
603,202004,제주,전시 및 행사 대행업,84385005,57872166
604,202004,제주,정기 항공 운송업,390046134,431876549
605,202004,제주,중식 음식점업,900175477,1064494520
606,202004,제주,차량용 가스 충전업,525076268,527239396
607,202004,제주,차량용 주유소 운영업,7433708818,14811299243
608,202004,제주,체인화 편의점,6245917381,10704927451
609,202004,제주,택시 운송업,536220,274729
610,202004,제주,피자 햄버거 샌드위치 및 유사 음식점업,986213544,1279291637
611,202004,제주,한식 음식점업,16409046283,24809010497
612,202004,제주,호텔업,462436995,345635412
613,202004,제주,화장품 및 방향제 소매업,497602888,456069883
614,202004,제주,휴양콘도 운영업,70527298,34746213
615,202004,충남,건강보조식품 소매업,715323765,787204654
616,202004,충남,골프장 운영업,1828685105,1645324202
617,202004,충남,과실 및 채소 소매업,1686501920,1621277940
618,202004,충남,관광 민예품 및 선물용품 소매업,27716340,18869908
619,202004,충남,그외 기타 분류안된 오락관련 서비스업,125000,66181
620,202004,충남,그외 기타 스포츠시설 운영업,663500,422145
621,202004,충남,그외 기타 종합 소매업,2162388707,2237498089
622,202004,충남,기타 대형 종합 소매업,9617357299,10516382868
623,202004,충남,기타 수상오락 서비스업,8844400,8562405
624,202004,충남,기타 외국식 음식점업,1324381432,1680962921
625,202004,충남,기타 주점업,116505500,115003470
626,202004,충남,기타음식료품위주종합소매업,8482988937,10043116234
627,202004,충남,내항 여객 운송업,0,0
628,202004,충남,마사지업,20429000,22883913
629,202004,충남,면세점,0,0
630,202004,충남,버스 운송업,505800,522980
631,202004,충남,비알콜 음료점업,1460215916,1973219985
632,202004,충남,빵 및 과자류 소매업,2087052862,3029154546
633,202004,충남,서양식 음식점업,2423706111,3444181984
634,202004,충남,수산물 소매업,1713270394,1961358110
635,202004,충남,슈퍼마켓,15676479437,19077209627
636,202004,충남,스포츠 및 레크레이션 용품 임대업,3189230705,3970974712
637,202004,충남,여관업,379536165,360579528
638,202004,충남,여행사업,4745600,4005426
639,202004,충남,욕탕업,175697400,150823069
640,202004,충남,육류 소매업,3104506858,3510945616
641,202004,충남,일반유흥 주점업,660805020,831271991
642,202004,충남,일식 음식점업,1298424173,1399955920
643,202004,충남,자동차 임대업,0,0
644,202004,충남,전시 및 행사 대행업,16295200,13114266
645,202004,충남,정기 항공 운송업,0,0
646,202004,충남,중식 음식점업,2170572097,2627288543
647,202004,충남,차량용 가스 충전업,802097058,942187743
648,202004,충남,차량용 주유소 운영업,26900536005,35354495213
649,202004,충남,체인화 편의점,13530242326,37289452426
650,202004,충남,택시 운송업,0,0
651,202004,충남,피자 햄버거 샌드위치 및 유사 음식점업,2074533637,3319781973
652,202004,충남,한식 음식점업,26735017402,45930236799
653,202004,충남,호텔업,10974256,9983852
654,202004,충남,화장품 및 방향제 소매업,1082119443,785637190
655,202004,충남,휴양콘도 운영업,50764330,28869293
656,202004,충북,건강보조식품 소매업,121810700,117118914
657,202004,충북,골프장 운영업,3706447370,3459218298
658,202004,충북,과실 및 채소 소매업,841902124,998672571
659,202004,충북,관광 민예품 및 선물용품 소매업,24908790,23385015
660,202004,충북,그외 기타 분류안된 오락관련 서비스업,0,0
661,202004,충북,그외 기타 스포츠시설 운영업,1344000,1588773
662,202004,충북,그외 기타 종합 소매업,1918850860,2189317507
663,202004,충북,기타 대형 종합 소매업,7153198260,9853911581
664,202004,충북,기타 수상오락 서비스업,961000,907617
665,202004,충북,기타 외국식 음식점업,1013263334,1078380684
666,202004,충북,기타 주점업,142866000,152591588
667,202004,충북,기타음식료품위주종합소매업,3613105890,4936758800
668,202004,충북,내항 여객 운송업,45000,77177
669,202004,충북,마사지업,7556230,7547534
670,202004,충북,면세점,0,0
671,202004,충북,버스 운송업,0,0
672,202004,충북,비알콜 음료점업,927811197,1062572762
673,202004,충북,빵 및 과자류 소매업,1379602199,1472655965
674,202004,충북,서양식 음식점업,1537587236,1751301694
675,202004,충북,수산물 소매업,262726878,292923781
676,202004,충북,슈퍼마켓,13810887399,16179521360
677,202004,충북,스포츠 및 레크레이션 용품 임대업,2194100835,2767965402
678,202004,충북,여관업,192804100,182949085
679,202004,충북,여행사업,0,0
680,202004,충북,욕탕업,124639165,121699334
681,202004,충북,육류 소매업,2613967691,3316808459
682,202004,충북,일반유흥 주점업,403681685,410049342
683,202004,충북,일식 음식점업,746615936,836570155
684,202004,충북,자동차 임대업,305050,283158
685,202004,충북,전시 및 행사 대행업,8980200,9879469
686,202004,충북,정기 항공 운송업,0,0
687,202004,충북,중식 음식점업,1389353970,1502414348
688,202004,충북,차량용 가스 충전업,551006440,556579556
689,202004,충북,차량용 주유소 운영업,19010913488,26708279165
690,202004,충북,체인화 편의점,8503265571,11374919090
691,202004,충북,택시 운송업,1379350,1027618
692,202004,충북,피자 햄버거 샌드위치 및 유사 음식점업,1373635928,1551023045
693,202004,충북,한식 음식점업,18911036160,21609659063
694,202004,충북,호텔업,14121500,13279786
695,202004,충북,화장품 및 방향제 소매업,450507431,457045698
696,202004,충북,휴양콘도 운영업,9328420,6779325
697,202007,강원,건강보조식품 소매업,684010112,21904273
698,202007,강원,골프장 운영업,7122443695,22225692
699,202007,강원,과실 및 채소 소매업,2587386111,33985229
700,202007,강원,관광 민예품 및 선물용품 소매업,582172765,3269221
701,202007,강원,그외 기타 분류안된 오락관련 서비스업,0,0
702,202007,강원,그외 기타 스포츠시설 운영업,19957877,523321
703,202007,강원,그외 기타 종합 소매업,679874438,7108633
704,202007,강원,기타 대형 종합 소매업,4223255913,29436042
705,202007,강원,기타 수상오락 서비스업,21006620,265564
706,202007,강원,기타 외국식 음식점업,3397492362,12099407
707,202007,강원,기타 주점업,666985544,8581656
708,202007,강원,기타음식료품위주종합소매업,1988728591,21278889
709,202007,강원,내항 여객 운송업,11619702,35874
710,202007,강원,마사지업,275085290,4738833
711,202007,강원,면세점,15506845,470720
712,202007,강원,버스 운송업,11016948,99675
713,202007,강원,비알콜 음료점업,1243819939,14639166
714,202007,강원,빵 및 과자류 소매업,1888497217,8941470
715,202007,강원,서양식 음식점업,2061077745,13207327
716,202007,강원,수산물 소매업,2468021959,31959093
717,202007,강원,슈퍼마켓,2155568871,20590751
718,202007,강원,스포츠 및 레크레이션 용품 임대업,5536990610,141505686
719,202007,강원,여관업,2007521962,29509136
720,202007,강원,여행사업,902141918,10052643
721,202007,강원,욕탕업,815962381,11504012
722,202007,강원,육류 소매업,2351374967,23836784
723,202007,강원,일반유흥 주점업,1453314537,21599116
724,202007,강원,일식 음식점업,6377401854,27240680
725,202007,강원,자동차 임대업,122084342,4255012
726,202007,강원,전시 및 행사 대행업,2613426226,22146398
727,202007,강원,정기 항공 운송업,0,0
728,202007,강원,중식 음식점업,2000557625,9730691
729,202007,강원,차량용 가스 충전업,1984837978,6527021
730,202007,강원,차량용 주유소 운영업,8088809406,49698222
731,202007,강원,체인화 편의점,1211278096,29827920
732,202007,강원,택시 운송업,4610852,152632
733,202007,강원,피자 햄버거 샌드위치 및 유사 음식점업,1820611194,19519739
734,202007,강원,한식 음식점업,4190342183,47570276
735,202007,강원,호텔업,2327116198,42394647
736,202007,강원,화장품 및 방향제 소매업,1279290566,3870154
737,202007,강원,휴양콘도 운영업,4819079227,221398153
738,202007,경기,건강보조식품 소매업,6083879468,76767889
739,202007,경기,골프장 운영업,15852661559,3309391
740,202007,경기,과실 및 채소 소매업,6558125293,34061875
741,202007,경기,관광 민예품 및 선물용품 소매업,1846564933,20664893
742,202007,경기,그외 기타 분류안된 오락관련 서비스업,102599,0
743,202007,경기,그외 기타 스포츠시설 운영업,275851769,6158076
744,202007,경기,그외 기타 종합 소매업,4573149444,199114936
745,202007,경기,기타 대형 종합 소매업,18530010536,171908064
746,202007,경기,기타 수상오락 서비스업,743323008,3396656
747,202007,경기,기타 외국식 음식점업,9961377352,30446978
748,202007,경기,기타 주점업,3934367589,29423932
749,202007,경기,기타음식료품위주종합소매업,3249954910,24479409
750,202007,경기,내항 여객 운송업,72767454,0
751,202007,경기,마사지업,2317208875,20185683
752,202007,경기,면세점,0,0
753,202007,경기,버스 운송업,798652327,321900
754,202007,경기,비알콜 음료점업,2896011614,16452771
755,202007,경기,빵 및 과자류 소매업,5313862594,18679313
756,202007,경기,서양식 음식점업,6208871791,32521370
757,202007,경기,수산물 소매업,9095418488,47477024
758,202007,경기,슈퍼마켓,5012802954,68749005
759,202007,경기,스포츠 및 레크레이션 용품 임대업,30276885661,69019613
760,202007,경기,여관업,6296268192,48853332
761,202007,경기,여행사업,239266189,2190855
762,202007,경기,욕탕업,3664763552,32207012
763,202007,경기,육류 소매업,7596582532,43637631
764,202007,경기,일반유흥 주점업,8471579498,53865284
765,202007,경기,일식 음식점업,13567979739,36412885
766,202007,경기,자동차 임대업,2094066111,69477824
767,202007,경기,전시 및 행사 대행업,5757773754,26203139
768,202007,경기,정기 항공 운송업,0,0
769,202007,경기,중식 음식점업,8877827929,38155341
770,202007,경기,차량용 가스 충전업,7935235877,28085721
771,202007,경기,차량용 주유소 운영업,21856920796,179904980
772,202007,경기,체인화 편의점,2759552305,37056710
773,202007,경기,택시 운송업,336353829,1357790
774,202007,경기,피자 햄버거 샌드위치 및 유사 음식점업,4835157316,21284156
775,202007,경기,한식 음식점업,11259184808,86060631
776,202007,경기,호텔업,2281569866,12122141
777,202007,경기,화장품 및 방향제 소매업,9124204387,27562567
778,202007,경기,휴양콘도 운영업,1563971658,24963753
779,202007,경남,건강보조식품 소매업,1343924289,43383468
780,202007,경남,골프장 운영업,7523604812,40080705
781,202007,경남,과실 및 채소 소매업,2512427801,35819143
782,202007,경남,관광 민예품 및 선물용품 소매업,767671204,6617734
783,202007,경남,그외 기타 분류안된 오락관련 서비스업,13451168,232833
784,202007,경남,그외 기타 스포츠시설 운영업,60472740,1216198
785,202007,경남,그외 기타 종합 소매업,854217316,25981148
786,202007,경남,기타 대형 종합 소매업,5475349258,44601777
787,202007,경남,기타 수상오락 서비스업,61808716,88246
788,202007,경남,기타 외국식 음식점업,2858450048,9596864
789,202007,경남,기타 주점업,1369881925,9954735
790,202007,경남,기타음식료품위주종합소매업,1695505995,20722269
791,202007,경남,내항 여객 운송업,438316406,1213046
792,202007,경남,마사지업,371782033,5452107
793,202007,경남,면세점,0,0
794,202007,경남,버스 운송업,50448923,147010
795,202007,경남,비알콜 음료점업,1134141367,9406233
796,202007,경남,빵 및 과자류 소매업,1926614305,6710705
797,202007,경남,서양식 음식점업,2338826077,13457195
798,202007,경남,수산물 소매업,2261058546,35660385
799,202007,경남,슈퍼마켓,2596157801,59295735
800,202007,경남,스포츠 및 레크레이션 용품 임대업,9143514965,16511623
801,202007,경남,여관업,1872245720,22408766
802,202007,경남,여행사업,41547477,645807
803,202007,경남,욕탕업,1155389781,16261046
804,202007,경남,육류 소매업,2654115157,23348028
805,202007,경남,일반유흥 주점업,2819909274,26596975
806,202007,경남,일식 음식점업,4414323662,16353662
807,202007,경남,자동차 임대업,49583450,865619
808,202007,경남,전시 및 행사 대행업,1923850132,4437531
809,202007,경남,정기 항공 운송업,0,0
810,202007,경남,중식 음식점업,2070107434,11200391
811,202007,경남,차량용 가스 충전업,2653780039,15246237
812,202007,경남,차량용 주유소 운영업,9574388366,122121720
813,202007,경남,체인화 편의점,1113966197,22460375
814,202007,경남,택시 운송업,40956708,220461
815,202007,경남,피자 햄버거 샌드위치 및 유사 음식점업,1706767769,9268279
816,202007,경남,한식 음식점업,4374813986,50755424
817,202007,경남,호텔업,858271475,4803233
818,202007,경남,화장품 및 방향제 소매업,2585029514,4481086
819,202007,경남,휴양콘도 운영업,1504264780,6971822
820,202007,경북,건강보조식품 소매업,1512535417,39747175
821,202007,경북,골프장 운영업,7145208628,6471491
822,202007,경북,과실 및 채소 소매업,3745084139,87394739
823,202007,경북,관광 민예품 및 선물용품 소매업,639360358,5446196
824,202007,경북,그외 기타 분류안된 오락관련 서비스업,0,0
825,202007,경북,그외 기타 스포츠시설 운영업,60671695,2617729
826,202007,경북,그외 기타 종합 소매업,1219629683,23165426
827,202007,경북,기타 대형 종합 소매업,5471034401,45525334
828,202007,경북,기타 수상오락 서비스업,15571754,251397
829,202007,경북,기타 외국식 음식점업,3499178951,10509336
830,202007,경북,기타 주점업,819263359,7793161
831,202007,경북,기타음식료품위주종합소매업,2332779215,38221314
832,202007,경북,내항 여객 운송업,17232107,213322
833,202007,경북,마사지업,184423440,1525557
834,202007,경북,면세점,0,0
835,202007,경북,버스 운송업,17000494,116921
836,202007,경북,비알콜 음료점업,1386768264,11147679
837,202007,경북,빵 및 과자류 소매업,2676882644,12150216
838,202007,경북,서양식 음식점업,2586055804,15476816
839,202007,경북,수산물 소매업,3922175395,147829674
840,202007,경북,슈퍼마켓,2447292298,46015966
841,202007,경북,스포츠 및 레크레이션 용품 임대업,7674327702,10931206
842,202007,경북,여관업,1716546874,13814821
843,202007,경북,여행사업,2097750,100747
844,202007,경북,욕탕업,1258493082,24838728
845,202007,경북,육류 소매업,3396769733,39754487
846,202007,경북,일반유흥 주점업,2266585076,21608817
847,202007,경북,일식 음식점업,4287460468,14814403
848,202007,경북,자동차 임대업,31612104,527887
849,202007,경북,전시 및 행사 대행업,1656760708,6196149
850,202007,경북,정기 항공 운송업,0,0
851,202007,경북,중식 음식점업,2206695906,10132232
852,202007,경북,차량용 가스 충전업,3328599089,24018858
853,202007,경북,차량용 주유소 운영업,12613734342,175203908
854,202007,경북,체인화 편의점,1309889192,22524143
855,202007,경북,택시 운송업,12033037,109377
856,202007,경북,피자 햄버거 샌드위치 및 유사 음식점업,1787445909,6995823
857,202007,경북,한식 음식점업,4926176992,87254162
858,202007,경북,호텔업,2846858715,23107635
859,202007,경북,화장품 및 방향제 소매업,2107115941,6333515
860,202007,경북,휴양콘도 운영업,1745365093,22890444
861,202007,광주,건강보조식품 소매업,1189584121,18312214
862,202007,광주,골프장 운영업,1066694149,872144
863,202007,광주,과실 및 채소 소매업,1504617917,10893676
864,202007,광주,관광 민예품 및 선물용품 소매업,338527532,2966064
865,202007,광주,그외 기타 분류안된 오락관련 서비스업,0,0
866,202007,광주,그외 기타 스포츠시설 운영업,95508715,4463255
867,202007,광주,그외 기타 종합 소매업,738113037,10233495
868,202007,광주,기타 대형 종합 소매업,2792542589,14901628
869,202007,광주,기타 수상오락 서비스업,6411283,0
870,202007,광주,기타 외국식 음식점업,1545902985,3022752
871,202007,광주,기타 주점업,624781089,4112209
872,202007,광주,기타음식료품위주종합소매업,355340000,1854775
873,202007,광주,내항 여객 운송업,941770,0
874,202007,광주,마사지업,393659199,7505671
875,202007,광주,면세점,0,0
876,202007,광주,버스 운송업,142179349,231881
877,202007,광주,비알콜 음료점업,492716421,2848058
878,202007,광주,빵 및 과자류 소매업,1022815056,2413958
879,202007,광주,서양식 음식점업,917260804,4946615
880,202007,광주,수산물 소매업,1382595271,11957512
881,202007,광주,슈퍼마켓,764342415,14460998
882,202007,광주,스포츠 및 레크레이션 용품 임대업,4220716659,7665080
883,202007,광주,여관업,1048912369,6690394
884,202007,광주,여행사업,982230,0
885,202007,광주,욕탕업,474838944,3454793
886,202007,광주,육류 소매업,1126145005,8814863
887,202007,광주,일반유흥 주점업,1372677796,7665149
888,202007,광주,일식 음식점업,1921148653,3841654
889,202007,광주,자동차 임대업,5717172,0
890,202007,광주,전시 및 행사 대행업,212418878,1494011
891,202007,광주,정기 항공 운송업,0,0
892,202007,광주,중식 음식점업,1151278624,2968405
893,202007,광주,차량용 가스 충전업,1088300019,2887945
894,202007,광주,차량용 주유소 운영업,2282679405,19387564
895,202007,광주,체인화 편의점,393272908,3747888
896,202007,광주,택시 운송업,881818,26087
897,202007,광주,피자 햄버거 샌드위치 및 유사 음식점업,799147591,2853908
898,202007,광주,한식 음식점업,1446389663,14928114
899,202007,광주,호텔업,610993603,1035558
900,202007,광주,화장품 및 방향제 소매업,1394698013,10335840
901,202007,광주,휴양콘도 운영업,0,0
902,202007,대구,건강보조식품 소매업,1818295477,17732851
903,202007,대구,골프장 운영업,1261142793,179651
904,202007,대구,과실 및 채소 소매업,1251062374,4774698
905,202007,대구,관광 민예품 및 선물용품 소매업,389853781,2195321
906,202007,대구,그외 기타 분류안된 오락관련 서비스업,0,0
907,202007,대구,그외 기타 스포츠시설 운영업,56651402,2346576
908,202007,대구,그외 기타 종합 소매업,1154220347,28740814
909,202007,대구,기타 대형 종합 소매업,4308152854,28478293
910,202007,대구,기타 수상오락 서비스업,25529746,0
911,202007,대구,기타 외국식 음식점업,2621721085,3124060
912,202007,대구,기타 주점업,961123237,4979846
913,202007,대구,기타음식료품위주종합소매업,643851105,3449668
914,202007,대구,내항 여객 운송업,0,0
915,202007,대구,마사지업,274897576,2068599
916,202007,대구,면세점,1256790926,222584
917,202007,대구,버스 운송업,0,0
918,202007,대구,비알콜 음료점업,789799182,5123477
919,202007,대구,빵 및 과자류 소매업,1437047628,5424674
920,202007,대구,서양식 음식점업,1518820642,6695730
921,202007,대구,수산물 소매업,2577540345,15795254
922,202007,대구,슈퍼마켓,1152429080,18027155
923,202007,대구,스포츠 및 레크레이션 용품 임대업,7114668215,9613786
924,202007,대구,여관업,1443865281,11908254
925,202007,대구,여행사업,0,0
926,202007,대구,욕탕업,935365896,7237942
927,202007,대구,육류 소매업,1710563684,6109830
928,202007,대구,일반유흥 주점업,1793713592,12897164
929,202007,대구,일식 음식점업,3733491224,4566294
930,202007,대구,자동차 임대업,105934846,1861931
931,202007,대구,전시 및 행사 대행업,1038173795,4716467
932,202007,대구,정기 항공 운송업,0,0
933,202007,대구,중식 음식점업,1700714384,5786896
934,202007,대구,차량용 가스 충전업,1626957035,3606492
935,202007,대구,차량용 주유소 운영업,4118822164,32790728
936,202007,대구,체인화 편의점,656786933,7050564
937,202007,대구,택시 운송업,213171720,1527729
938,202007,대구,피자 햄버거 샌드위치 및 유사 음식점업,1129788811,4151773
939,202007,대구,한식 음식점업,2286420007,30332744
940,202007,대구,호텔업,2673827491,11909128
941,202007,대구,화장품 및 방향제 소매업,2021725215,3478348
942,202007,대구,휴양콘도 운영업,0,0
943,202007,대전,건강보조식품 소매업,694595469,6556400
944,202007,대전,골프장 운영업,715871492,0
945,202007,대전,과실 및 채소 소매업,1000521341,7618529
946,202007,대전,관광 민예품 및 선물용품 소매업,178082034,1285597
947,202007,대전,그외 기타 분류안된 오락관련 서비스업,0,0
948,202007,대전,그외 기타 스포츠시설 운영업,8967118,66846
949,202007,대전,그외 기타 종합 소매업,1415509578,23189347
950,202007,대전,기타 대형 종합 소매업,3098464841,20029565
951,202007,대전,기타 수상오락 서비스업,1025127,0
952,202007,대전,기타 외국식 음식점업,1997709429,7592814
953,202007,대전,기타 주점업,492567337,5076265
954,202007,대전,기타음식료품위주종합소매업,458522382,5296426
955,202007,대전,내항 여객 운송업,0,0
956,202007,대전,마사지업,163222389,1059192
957,202007,대전,면세점,0,0
958,202007,대전,버스 운송업,0,0
959,202007,대전,비알콜 음료점업,594785252,2015058
960,202007,대전,빵 및 과자류 소매업,1318942125,4815151
961,202007,대전,서양식 음식점업,1147959143,5306453
962,202007,대전,수산물 소매업,1659270569,15874969
963,202007,대전,슈퍼마켓,721366966,10812021
964,202007,대전,스포츠 및 레크레이션 용품 임대업,3354297874,5613549
965,202007,대전,여관업,1157082926,7719471
966,202007,대전,여행사업,0,0
967,202007,대전,욕탕업,643107989,7336676
968,202007,대전,육류 소매업,1110515559,11543538
969,202007,대전,일반유흥 주점업,659042431,8408847
970,202007,대전,일식 음식점업,2048525179,8752759
971,202007,대전,자동차 임대업,55706514,432174
972,202007,대전,전시 및 행사 대행업,333564452,1801228
973,202007,대전,정기 항공 운송업,0,0
974,202007,대전,중식 음식점업,1417965420,7114188
975,202007,대전,차량용 가스 충전업,895177671,3363803
976,202007,대전,차량용 주유소 운영업,2915143111,17874036
977,202007,대전,체인화 편의점,499075248,4328414
978,202007,대전,택시 운송업,0,0
979,202007,대전,피자 햄버거 샌드위치 및 유사 음식점업,899778885,3402619
980,202007,대전,한식 음식점업,1932672005,12684713
981,202007,대전,호텔업,1233778015,5987343
982,202007,대전,화장품 및 방향제 소매업,1024089687,2971018
983,202007,대전,휴양콘도 운영업,0,0
984,202007,부산,건강보조식품 소매업,2522294441,19504581
985,202007,부산,골프장 운영업,2794497388,8420533
986,202007,부산,과실 및 채소 소매업,3485055725,36537117
987,202007,부산,관광 민예품 및 선물용품 소매업,801566493,4205455
988,202007,부산,그외 기타 분류안된 오락관련 서비스업,0,0
989,202007,부산,그외 기타 스포츠시설 운영업,103491237,1942329
990,202007,부산,그외 기타 종합 소매업,1651897952,58134808
991,202007,부산,기타 대형 종합 소매업,8719697980,93711658
992,202007,부산,기타 수상오락 서비스업,33267070,437957
993,202007,부산,기타 외국식 음식점업,4571168050,8337769
994,202007,부산,기타 주점업,2178282016,14432030
995,202007,부산,기타음식료품위주종합소매업,621584043,1480504
996,202007,부산,내항 여객 운송업,85306826,1080013
997,202007,부산,마사지업,522864786,7625956
998,202007,부산,면세점,3564067027,22485728
999,202007,부산,버스 운송업,70936860,167527
1000,202007,부산,비알콜 음료점업,1851802746,11391768
1001,202007,부산,빵 및 과자류 소매업,2998498449,8462079
1002,202007,부산,서양식 음식점업,4028287957,16488222
1003,202007,부산,수산물 소매업,2553500336,28114811
1004,202007,부산,슈퍼마켓,2207297758,18848925
1005,202007,부산,스포츠 및 레크레이션 용품 임대업,15016087700,18437167
1006,202007,부산,여관업,3558184116,37774245
1007,202007,부산,여행사업,183369287,1560326
1008,202007,부산,욕탕업,1629363173,11838247
1009,202007,부산,육류 소매업,2885084389,18969790
1010,202007,부산,일반유흥 주점업,4145293317,28342027
1011,202007,부산,일식 음식점업,6975848016,23632132
1012,202007,부산,자동차 임대업,177500359,5156681
1013,202007,부산,전시 및 행사 대행업,2874217524,12912742
1014,202007,부산,정기 항공 운송업,3327481883,7710969
1015,202007,부산,중식 음식점업,3294152060,16025935
1016,202007,부산,차량용 가스 충전업,2564145372,6970719
1017,202007,부산,차량용 주유소 운영업,7133373393,53274299
1018,202007,부산,체인화 편의점,1517488626,14606384
1019,202007,부산,택시 운송업,1625910772,5823875
1020,202007,부산,피자 햄버거 샌드위치 및 유사 음식점업,2801447547,9452663
1021,202007,부산,한식 음식점업,6317715044,54169605
1022,202007,부산,호텔업,5263434516,37121038
1023,202007,부산,화장품 및 방향제 소매업,4441461282,9909790
1024,202007,부산,휴양콘도 운영업,2520810832,18313605
1025,202007,서울,건강보조식품 소매업,5582170116,32572373
1026,202007,서울,골프장 운영업,3666949756,16219028
1027,202007,서울,과실 및 채소 소매업,4910336586,44185291
1028,202007,서울,관광 민예품 및 선물용품 소매업,2110836480,13200481
1029,202007,서울,그외 기타 분류안된 오락관련 서비스업,0,0
1030,202007,서울,그외 기타 스포츠시설 운영업,233882943,10749881
1031,202007,서울,그외 기타 종합 소매업,11318978239,317086488
1032,202007,서울,기타 대형 종합 소매업,17472970072,68547910
1033,202007,서울,기타 수상오락 서비스업,295091847,2418765
1034,202007,서울,기타 외국식 음식점업,9172042263,27922825
1035,202007,서울,기타 주점업,4019853617,19843803
1036,202007,서울,기타음식료품위주종합소매업,2758731144,13475900
1037,202007,서울,내항 여객 운송업,4506323935,3887482
1038,202007,서울,마사지업,1875556014,11034753
1039,202007,서울,면세점,7872792403,39420027
1040,202007,서울,버스 운송업,2049093281,3287299
1041,202007,서울,비알콜 음료점업,3498151609,12379240
1042,202007,서울,빵 및 과자류 소매업,6650075138,18232940
1043,202007,서울,서양식 음식점업,7011620417,28900836
1044,202007,서울,수산물 소매업,7616449473,43589644
1045,202007,서울,슈퍼마켓,4699744046,41482804
1046,202007,서울,스포츠 및 레크레이션 용품 임대업,40609743312,40562265
1047,202007,서울,여관업,5824583667,40997249
1048,202007,서울,여행사업,3909457207,63960963
1049,202007,서울,욕탕업,3606645154,22823632
1050,202007,서울,육류 소매업,6540068942,43728497
1051,202007,서울,일반유흥 주점업,7385432957,49905143
1052,202007,서울,일식 음식점업,14490953365,32450450
1053,202007,서울,자동차 임대업,2490991907,11304232
1054,202007,서울,전시 및 행사 대행업,4558674688,26157490
1055,202007,서울,정기 항공 운송업,17058513422,71147406
1056,202007,서울,중식 음식점업,8510092693,33367086
1057,202007,서울,차량용 가스 충전업,5192163950,11150028
1058,202007,서울,차량용 주유소 운영업,12968484342,44852258
1059,202007,서울,체인화 편의점,2265395347,18411894
1060,202007,서울,택시 운송업,604199380,1130081
1061,202007,서울,피자 햄버거 샌드위치 및 유사 음식점업,5967291291,53970795
1062,202007,서울,한식 음식점업,9581191524,57492409
1063,202007,서울,호텔업,10969962950,84678088
1064,202007,서울,화장품 및 방향제 소매업,13202545673,56150315
1065,202007,서울,휴양콘도 운영업,0,0
1066,202007,세종,건강보조식품 소매업,59699623,886717
1067,202007,세종,골프장 운영업,713693389,464677
1068,202007,세종,과실 및 채소 소매업,334024778,1792073
1069,202007,세종,관광 민예품 및 선물용품 소매업,28743726,246173
1070,202007,세종,그외 기타 분류안된 오락관련 서비스업,0,0
1071,202007,세종,그외 기타 스포츠시설 운영업,302655,81896
1072,202007,세종,그외 기타 종합 소매업,245665125,9956049
1073,202007,세종,기타 대형 종합 소매업,622477780,4351994
1074,202007,세종,기타 수상오락 서비스업,0,0
1075,202007,세종,기타 외국식 음식점업,393583979,781291
1076,202007,세종,기타 주점업,48136072,291577
1077,202007,세종,기타음식료품위주종합소매업,202472117,2587898
1078,202007,세종,내항 여객 운송업,0,0
1079,202007,세종,마사지업,37164938,583294
1080,202007,세종,면세점,0,0
1081,202007,세종,버스 운송업,0,0
1082,202007,세종,비알콜 음료점업,130850621,1102359
1083,202007,세종,빵 및 과자류 소매업,325797345,850433
1084,202007,세종,서양식 음식점업,263584837,913237
1085,202007,세종,수산물 소매업,310604266,2576516
1086,202007,세종,슈퍼마켓,171590955,1267026
1087,202007,세종,스포츠 및 레크레이션 용품 임대업,592335048,110412
1088,202007,세종,여관업,69146394,827545
1089,202007,세종,여행사업,0,0
1090,202007,세종,욕탕업,154577515,1332613
1091,202007,세종,육류 소매업,326509408,3760338
1092,202007,세종,일반유흥 주점업,107472954,305205
1093,202007,세종,일식 음식점업,473996995,1202483
1094,202007,세종,자동차 임대업,0,0
1095,202007,세종,전시 및 행사 대행업,147569355,672170
1096,202007,세종,정기 항공 운송업,0,0
1097,202007,세종,중식 음식점업,410174266,2133042
1098,202007,세종,차량용 가스 충전업,315009879,800855
1099,202007,세종,차량용 주유소 운영업,763792552,6309914
1100,202007,세종,체인화 편의점,111840357,445164
1101,202007,세종,택시 운송업,0,0
1102,202007,세종,피자 햄버거 샌드위치 및 유사 음식점업,191740203,1220412
1103,202007,세종,한식 음식점업,373884893,1980664
1104,202007,세종,호텔업,0,0
1105,202007,세종,화장품 및 방향제 소매업,379019704,2748892
1106,202007,세종,휴양콘도 운영업,0,0
1107,202007,울산,건강보조식품 소매업,718052914,10800702
1108,202007,울산,골프장 운영업,750688820,676024
1109,202007,울산,과실 및 채소 소매업,1325400696,16667012
1110,202007,울산,관광 민예품 및 선물용품 소매업,143958462,1615576
1111,202007,울산,그외 기타 분류안된 오락관련 서비스업,0,0
1112,202007,울산,그외 기타 스포츠시설 운영업,16312294,657208
1113,202007,울산,그외 기타 종합 소매업,813891867,5724790
1114,202007,울산,기타 대형 종합 소매업,2369586345,17671183
1115,202007,울산,기타 수상오락 서비스업,16561867,183284
1116,202007,울산,기타 외국식 음식점업,1540269101,4755291
1117,202007,울산,기타 주점업,543340212,4124673
1118,202007,울산,기타음식료품위주종합소매업,377417394,2828624
1119,202007,울산,내항 여객 운송업,0,0
1120,202007,울산,마사지업,208624164,3181228
1121,202007,울산,면세점,0,0
1122,202007,울산,버스 운송업,95712611,106970
1123,202007,울산,비알콜 음료점업,513975991,3430917
1124,202007,울산,빵 및 과자류 소매업,861854552,2611834
1125,202007,울산,서양식 음식점업,1060413930,3814650
1126,202007,울산,수산물 소매업,1091957138,7466795
1127,202007,울산,슈퍼마켓,811668783,7743346
1128,202007,울산,스포츠 및 레크레이션 용품 임대업,2547089965,3237340
1129,202007,울산,여관업,795646590,4508926
1130,202007,울산,여행사업,85179146,179280
1131,202007,울산,욕탕업,528164640,5802384
1132,202007,울산,육류 소매업,1471598866,11810744
1133,202007,울산,일반유흥 주점업,1138671724,5193249
1134,202007,울산,일식 음식점업,1844250767,3307948
1135,202007,울산,자동차 임대업,70817345,1291952
1136,202007,울산,전시 및 행사 대행업,316993079,455705
1137,202007,울산,정기 항공 운송업,0,0
1138,202007,울산,중식 음식점업,928122415,3900298
1139,202007,울산,차량용 가스 충전업,843951123,1856730
1140,202007,울산,차량용 주유소 운영업,2715759817,20452473
1141,202007,울산,체인화 편의점,389445887,3330897
1142,202007,울산,택시 운송업,3416631,0
1143,202007,울산,피자 햄버거 샌드위치 및 유사 음식점업,780625750,3135698
1144,202007,울산,한식 음식점업,1369847512,15016460
1145,202007,울산,호텔업,719264217,1745150
1146,202007,울산,화장품 및 방향제 소매업,965672040,1177845
1147,202007,울산,휴양콘도 운영업,0,0
1148,202007,인천,건강보조식품 소매업,1909510203,15109678
1149,202007,인천,골프장 운영업,3309032329,120017
1150,202007,인천,과실 및 채소 소매업,2267329314,16672207
1151,202007,인천,관광 민예품 및 선물용품 소매업,473670565,6293273
1152,202007,인천,그외 기타 분류안된 오락관련 서비스업,0,0
1153,202007,인천,그외 기타 스포츠시설 운영업,128921632,1819534
1154,202007,인천,그외 기타 종합 소매업,514508331,17180015
1155,202007,인천,기타 대형 종합 소매업,4426928337,30390767
1156,202007,인천,기타 수상오락 서비스업,366784008,4724070
1157,202007,인천,기타 외국식 음식점업,4121698701,7132200
1158,202007,인천,기타 주점업,977001541,4222741
1159,202007,인천,기타음식료품위주종합소매업,802655984,8043018
1160,202007,인천,내항 여객 운송업,2429897882,2715418
1161,202007,인천,마사지업,552393798,1493013
1162,202007,인천,면세점,2369023370,8402592
1163,202007,인천,버스 운송업,0,0
1164,202007,인천,비알콜 음료점업,989439678,5165493
1165,202007,인천,빵 및 과자류 소매업,2043566183,5899106
1166,202007,인천,서양식 음식점업,2307843812,11001387
1167,202007,인천,수산물 소매업,2842571608,20852185
1168,202007,인천,슈퍼마켓,1438212157,18600032
1169,202007,인천,스포츠 및 레크레이션 용품 임대업,11036808852,18475279
1170,202007,인천,여관업,1964231433,13434073
1171,202007,인천,여행사업,117767260,147385
1172,202007,인천,욕탕업,1266348187,10195247
1173,202007,인천,육류 소매업,2133714188,14560095
1174,202007,인천,일반유흥 주점업,2978831102,13773980
1175,202007,인천,일식 음식점업,5851486942,12188994
1176,202007,인천,자동차 임대업,21600089,716512
1177,202007,인천,전시 및 행사 대행업,2056561203,8014688
1178,202007,인천,정기 항공 운송업,1621210413,24350084
1179,202007,인천,중식 음식점업,2642525323,12287226
1180,202007,인천,차량용 가스 충전업,1754840571,5189380
1181,202007,인천,차량용 주유소 운영업,5149891466,39252048
1182,202007,인천,체인화 편의점,795510120,8624763
1183,202007,인천,택시 운송업,323224317,876061
1184,202007,인천,피자 햄버거 샌드위치 및 유사 음식점업,1454261877,5720825
1185,202007,인천,한식 음식점업,2840162371,25405613
1186,202007,인천,호텔업,2150417677,17369946
1187,202007,인천,화장품 및 방향제 소매업,2140159102,5511289
1188,202007,인천,휴양콘도 운영업,0,0
1189,202007,전남,건강보조식품 소매업,852071905,51570865
1190,202007,전남,골프장 운영업,5259010756,14207098
1191,202007,전남,과실 및 채소 소매업,3101882547,72564491
1192,202007,전남,관광 민예품 및 선물용품 소매업,277169487,1553369
1193,202007,전남,그외 기타 분류안된 오락관련 서비스업,0,0
1194,202007,전남,그외 기타 스포츠시설 운영업,13838364,865504
1195,202007,전남,그외 기타 종합 소매업,2777112862,26885746
1196,202007,전남,기타 대형 종합 소매업,3792227561,29496287
1197,202007,전남,기타 수상오락 서비스업,0,0
1198,202007,전남,기타 외국식 음식점업,2805752740,11368262
1199,202007,전남,기타 주점업,931837489,7730472
1200,202007,전남,기타음식료품위주종합소매업,2152292055,55825762
1201,202007,전남,내항 여객 운송업,301496664,1653677
1202,202007,전남,마사지업,431081812,8302900
1203,202007,전남,면세점,331556581,1325387
1204,202007,전남,버스 운송업,41327148,29363
1205,202007,전남,비알콜 음료점업,1078662087,8630205
1206,202007,전남,빵 및 과자류 소매업,2649111508,12348857
1207,202007,전남,서양식 음식점업,2341713525,13901505
1208,202007,전남,수산물 소매업,2371353577,59216920
1209,202007,전남,슈퍼마켓,2086954377,48909520
1210,202007,전남,스포츠 및 레크레이션 용품 임대업,5956037562,5600352
1211,202007,전남,여관업,2189926625,24196703
1212,202007,전남,여행사업,158693732,392621
1213,202007,전남,욕탕업,845973836,26951481
1214,202007,전남,육류 소매업,2497835054,41574589
1215,202007,전남,일반유흥 주점업,2112062326,24849412
1216,202007,전남,일식 음식점업,3371568879,13312034
1217,202007,전남,자동차 임대업,161946062,4484997
1218,202007,전남,전시 및 행사 대행업,3901028025,85111224
1219,202007,전남,정기 항공 운송업,0,0
1220,202007,전남,중식 음식점업,2094383626,10215130
1221,202007,전남,차량용 가스 충전업,2281136738,10627165
1222,202007,전남,차량용 주유소 운영업,7302290954,106690500
1223,202007,전남,체인화 편의점,1134650559,20122371
1224,202007,전남,택시 운송업,0,0
1225,202007,전남,피자 햄버거 샌드위치 및 유사 음식점업,1834586769,9111547
1226,202007,전남,한식 음식점업,4813362010,50177479
1227,202007,전남,호텔업,616745468,4437141
1228,202007,전남,화장품 및 방향제 소매업,1604169721,4115181
1229,202007,전남,휴양콘도 운영업,1303981917,210054585
1230,202007,전북,건강보조식품 소매업,1273840675,42582753
1231,202007,전북,골프장 운영업,5203559743,2586990
1232,202007,전북,과실 및 채소 소매업,2202368442,25316304
1233,202007,전북,관광 민예품 및 선물용품 소매업,410387460,2586407
1234,202007,전북,그외 기타 분류안된 오락관련 서비스업,0,0
1235,202007,전북,그외 기타 스포츠시설 운영업,75281771,2890050
1236,202007,전북,그외 기타 종합 소매업,1243473703,21994914
1237,202007,전북,기타 대형 종합 소매업,4064640462,29156536
1238,202007,전북,기타 수상오락 서비스업,3042209,0
1239,202007,전북,기타 외국식 음식점업,3377593254,7562585
1240,202007,전북,기타 주점업,794102256,11454090
1241,202007,전북,기타음식료품위주종합소매업,1487060508,26292124
1242,202007,전북,내항 여객 운송업,25510060,358255
1243,202007,전북,마사지업,360235751,1783701
1244,202007,전북,면세점,0,0
1245,202007,전북,버스 운송업,2275870,0
1246,202007,전북,비알콜 음료점업,1054972384,7392770
1247,202007,전북,빵 및 과자류 소매업,2216578712,10007999
1248,202007,전북,서양식 음식점업,1801160131,8237175
1249,202007,전북,수산물 소매업,2119878975,25539455
1250,202007,전북,슈퍼마켓,1998663361,35331859
1251,202007,전북,스포츠 및 레크레이션 용품 임대업,5832844186,65210207
1252,202007,전북,여관업,1483907646,18140564
1253,202007,전북,여행사업,24240444,0
1254,202007,전북,욕탕업,771084160,9723090
1255,202007,전북,육류 소매업,1685325134,17114225
1256,202007,전북,일반유흥 주점업,1757016299,17999027
1257,202007,전북,일식 음식점업,3000658329,9435284
1258,202007,전북,자동차 임대업,65054576,563513
1259,202007,전북,전시 및 행사 대행업,1945368871,2421169
1260,202007,전북,정기 항공 운송업,2481974794,12075126
1261,202007,전북,중식 음식점업,2125896533,13602205
1262,202007,전북,차량용 가스 충전업,2612515280,14334277
1263,202007,전북,차량용 주유소 운영업,9775074517,91560049
1264,202007,전북,체인화 편의점,1120743496,23293439
1265,202007,전북,택시 운송업,16797686,80380
1266,202007,전북,피자 햄버거 샌드위치 및 유사 음식점업,1472850127,6921167
1267,202007,전북,한식 음식점업,3600732416,63338665
1268,202007,전북,호텔업,60646407,569443
1269,202007,전북,화장품 및 방향제 소매업,1618122305,2378786
1270,202007,전북,휴양콘도 운영업,1250454706,237443505
1271,202007,제주,건강보조식품 소매업,380903094,4604829
1272,202007,제주,골프장 운영업,2007058029,10162957
1273,202007,제주,과실 및 채소 소매업,1894100099,24080785
1274,202007,제주,관광 민예품 및 선물용품 소매업,1883952647,5172351
1275,202007,제주,그외 기타 분류안된 오락관련 서비스업,19772691,262263
1276,202007,제주,그외 기타 스포츠시설 운영업,0,0
1277,202007,제주,그외 기타 종합 소매업,1462066838,5111682
1278,202007,제주,기타 대형 종합 소매업,2312632529,7543506
1279,202007,제주,기타 수상오락 서비스업,57141496,1297391
1280,202007,제주,기타 외국식 음식점업,702360605,2143305
1281,202007,제주,기타 주점업,450768416,1559925
1282,202007,제주,기타음식료품위주종합소매업,939626700,7681232
1283,202007,제주,내항 여객 운송업,2227419025,1413505
1284,202007,제주,마사지업,65534081,592325
1285,202007,제주,면세점,4715725954,20696374
1286,202007,제주,버스 운송업,0,0
1287,202007,제주,비알콜 음료점업,618868147,2254742
1288,202007,제주,빵 및 과자류 소매업,1272372111,4039302
1289,202007,제주,서양식 음식점업,1289924528,3408767
1290,202007,제주,수산물 소매업,2594477453,18766854
1291,202007,제주,슈퍼마켓,725634060,5371212
1292,202007,제주,스포츠 및 레크레이션 용품 임대업,2252166567,3810922
1293,202007,제주,여관업,1470741154,8628875
1294,202007,제주,여행사업,660103946,1115175
1295,202007,제주,욕탕업,779926792,7623370
1296,202007,제주,육류 소매업,1261538898,4815805
1297,202007,제주,일반유흥 주점업,1106344585,25879048
1298,202007,제주,일식 음식점업,3268921869,7690020
1299,202007,제주,자동차 임대업,3900067781,10772058
1300,202007,제주,전시 및 행사 대행업,2628462317,10435430
1301,202007,제주,정기 항공 운송업,5099912670,6176079
1302,202007,제주,중식 음식점업,925810563,5065171
1303,202007,제주,차량용 가스 충전업,1022353377,4016841
1304,202007,제주,차량용 주유소 운영업,2785820006,11707289
1305,202007,제주,체인화 편의점,374700971,2999526
1306,202007,제주,택시 운송업,13313260,266919
1307,202007,제주,피자 햄버거 샌드위치 및 유사 음식점업,882495114,1943816
1308,202007,제주,한식 음식점업,1862887513,10574121
1309,202007,제주,호텔업,2484343550,37240747
1310,202007,제주,화장품 및 방향제 소매업,908255855,9675934
1311,202007,제주,휴양콘도 운영업,1422951084,9767217
1312,202007,충남,건강보조식품 소매업,2107577466,58271156
1313,202007,충남,골프장 운영업,5589717455,5599128
1314,202007,충남,과실 및 채소 소매업,3037892063,30051896
1315,202007,충남,관광 민예품 및 선물용품 소매업,471497350,2675749
1316,202007,충남,그외 기타 분류안된 오락관련 서비스업,3150422,227912
1317,202007,충남,그외 기타 스포츠시설 운영업,63694415,1497480
1318,202007,충남,그외 기타 종합 소매업,2231039333,14950923
1319,202007,충남,기타 대형 종합 소매업,5324870720,31036487
1320,202007,충남,기타 수상오락 서비스업,203514957,383049
1321,202007,충남,기타 외국식 음식점업,4397430672,10175408
1322,202007,충남,기타 주점업,676363805,8856304
1323,202007,충남,기타음식료품위주종합소매업,2203104928,25693215
1324,202007,충남,내항 여객 운송업,3518574,0
1325,202007,충남,마사지업,353374896,7404841
1326,202007,충남,면세점,0,0
1327,202007,충남,버스 운송업,53595153,662597
1328,202007,충남,비알콜 음료점업,1451555146,6968177
1329,202007,충남,빵 및 과자류 소매업,2595687481,10783772
1330,202007,충남,서양식 음식점업,2412043218,9148461
1331,202007,충남,수산물 소매업,3600042520,48686516
1332,202007,충남,슈퍼마켓,2537485870,28553799
1333,202007,충남,스포츠 및 레크레이션 용품 임대업,7694310536,14139474
1334,202007,충남,여관업,2041921173,20659949
1335,202007,충남,여행사업,169957688,2618896
1336,202007,충남,욕탕업,1260596047,14744498
1337,202007,충남,육류 소매업,2738755151,33142351
1338,202007,충남,일반유흥 주점업,1785934271,10514448
1339,202007,충남,일식 음식점업,5306526996,68017766
1340,202007,충남,자동차 임대업,12706497,608697
1341,202007,충남,전시 및 행사 대행업,1368070990,3034208
1342,202007,충남,정기 항공 운송업,0,0
1343,202007,충남,중식 음식점업,2419791721,13182109
1344,202007,충남,차량용 가스 충전업,3912371705,31227849
1345,202007,충남,차량용 주유소 운영업,10733625886,95132329
1346,202007,충남,체인화 편의점,1250182827,14731617
1347,202007,충남,택시 운송업,0,0
1348,202007,충남,피자 햄버거 샌드위치 및 유사 음식점업,2002047717,7418379
1349,202007,충남,한식 음식점업,4103170122,39882507
1350,202007,충남,호텔업,1266303694,8023993
1351,202007,충남,화장품 및 방향제 소매업,2954337430,17350664
1352,202007,충남,휴양콘도 운영업,1427910755,11245192
1353,202007,충북,건강보조식품 소매업,883079436,39068526
1354,202007,충북,골프장 운영업,7003687405,3499998
1355,202007,충북,과실 및 채소 소매업,1498532938,13717250
1356,202007,충북,관광 민예품 및 선물용품 소매업,337300538,2457530
1357,202007,충북,그외 기타 분류안된 오락관련 서비스업,0,0
1358,202007,충북,그외 기타 스포츠시설 운영업,35292388,1362921
1359,202007,충북,그외 기타 종합 소매업,1769405062,15352918
1360,202007,충북,기타 대형 종합 소매업,3546765560,25100450
1361,202007,충북,기타 수상오락 서비스업,41668136,344363
1362,202007,충북,기타 외국식 음식점업,2717261123,9442504
1363,202007,충북,기타 주점업,575102632,7174708
1364,202007,충북,기타음식료품위주종합소매업,1149171496,7371333
1365,202007,충북,내항 여객 운송업,740002,162084
1366,202007,충북,마사지업,193748394,4106570
1367,202007,충북,면세점,171612901,4689825
1368,202007,충북,버스 운송업,0,0
1369,202007,충북,비알콜 음료점업,876243333,5689549
1370,202007,충북,빵 및 과자류 소매업,1750776768,6658380
1371,202007,충북,서양식 음식점업,1548918506,7138461
1372,202007,충북,수산물 소매업,1352166128,11537526
1373,202007,충북,슈퍼마켓,1845715412,30567427
1374,202007,충북,스포츠 및 레크레이션 용품 임대업,4692302598,11260861
1375,202007,충북,여관업,1008631628,9319048
1376,202007,충북,여행사업,0,0
1377,202007,충북,욕탕업,859045696,6060102
1378,202007,충북,육류 소매업,1724059935,15027252
1379,202007,충북,일반유흥 주점업,1150094199,10038013
1380,202007,충북,일식 음식점업,2468697326,13383246
1381,202007,충북,자동차 임대업,1437059,379811
1382,202007,충북,전시 및 행사 대행업,489374532,4882742
1383,202007,충북,정기 항공 운송업,0,0
1384,202007,충북,중식 음식점업,1601268118,6719167
1385,202007,충북,차량용 가스 충전업,1984158069,10030580
1386,202007,충북,차량용 주유소 운영업,10498754052,94078062
1387,202007,충북,체인화 편의점,936710280,12230130
1388,202007,충북,택시 운송업,27642643,995319
1389,202007,충북,피자 햄버거 샌드위치 및 유사 음식점업,1403455855,4966277
1390,202007,충북,한식 음식점업,2911724188,26070378
1391,202007,충북,호텔업,558963343,3620843
1392,202007,충북,화장품 및 방향제 소매업,1658122593,4183455
1393,202007,충북,휴양콘도 운영업,1162416870,16491694
